<?xml version="1.0" encoding="UTF-8"?>
<export version="E">
  <design>
    <source>C:\Users\abelt\Documents\SZTE\szakdoga\circuits\Arduino_ESP8266_level_shifter_conn\Arduino_ESP8266_level_shifter_conn.kicad_sch</source>
    <date>10/13/2023 9:26:57 PM</date>
    <tool>Eeschema 7.0.7</tool>
    <sheet number="1" name="/" tstamps="/">
      <title_block>
        <title/>
        <company/>
        <rev/>
        <date/>
        <source>Arduino_ESP8266_level_shifter_conn.kicad_sch</source>
        <comment number="1" value=""/>
        <comment number="2" value=""/>
        <comment number="3" value=""/>
        <comment number="4" value=""/>
        <comment number="5" value=""/>
        <comment number="6" value=""/>
        <comment number="7" value=""/>
        <comment number="8" value=""/>
        <comment number="9" value=""/>
      </title_block>
    </sheet>
  </design>
  <components>
    <comp ref="J1">
      <value>Screw_Terminal_01x02</value>
      <libsource lib="Connector" part="Screw_Terminal_01x02" description="Generic screw terminal, single row, 01x02, script generated (kicad-library-utils/schlib/autogen/connector/)"/>
      <property name="Sheetname" value=""/>
      <property name="Sheetfile" value="Arduino_ESP8266_level_shifter_conn.kicad_sch"/>
      <property name="ki_description" value="Generic screw terminal, single row, 01x02, script generated (kicad-library-utils/schlib/autogen/connector/)"/>
      <property name="ki_keywords" value="screw terminal"/>
      <sheetpath names="/" tstamps="/"/>
      <tstamps>abb8d4e0-2af9-4b02-a545-0ec7ea9596e5</tstamps>
    </comp>
    <comp ref="J2">
      <value>ESP left side sockets</value>
      <libsource lib="Connector" part="Conn_01x15_Socket" description="Generic connector, single row, 01x15, script generated"/>
      <property name="Sheetname" value=""/>
      <property name="Sheetfile" value="Arduino_ESP8266_level_shifter_conn.kicad_sch"/>
      <property name="ki_description" value="Generic connector, single row, 01x15, script generated"/>
      <property name="ki_keywords" value="connector"/>
      <sheetpath names="/" tstamps="/"/>
      <tstamps>69ba723e-d2fa-427c-a1fc-d56c4329670e</tstamps>
    </comp>
    <comp ref="J3">
      <value>ESP right side sockets</value>
      <libsource lib="Connector" part="Conn_01x15_Socket" description="Generic connector, single row, 01x15, script generated"/>
      <property name="Sheetname" value=""/>
      <property name="Sheetfile" value="Arduino_ESP8266_level_shifter_conn.kicad_sch"/>
      <property name="ki_description" value="Generic connector, single row, 01x15, script generated"/>
      <property name="ki_keywords" value="connector"/>
      <sheetpath names="/" tstamps="/"/>
      <tstamps>4c847a0c-cf01-4865-8ab7-a51097c46935</tstamps>
    </comp>
    <comp ref="J4">
      <value>Relay_terminal</value>
      <libsource lib="Connector" part="Screw_Terminal_01x06" description="Generic screw terminal, single row, 01x06, script generated (kicad-library-utils/schlib/autogen/connector/)"/>
      <property name="Sheetname" value=""/>
      <property name="Sheetfile" value="Arduino_ESP8266_level_shifter_conn.kicad_sch"/>
      <property name="ki_description" value="Generic screw terminal, single row, 01x06, script generated (kicad-library-utils/schlib/autogen/connector/)"/>
      <property name="ki_keywords" value="screw terminal"/>
      <sheetpath names="/" tstamps="/"/>
      <tstamps>cb09a484-68a9-4f8a-adcf-1a9e435c80dc</tstamps>
    </comp>
    <comp ref="J5">
      <value>LCD_pins</value>
      <libsource lib="Connector" part="Conn_01x04_Pin" description="Generic connector, single row, 01x04, script generated"/>
      <property name="Sheetname" value=""/>
      <property name="Sheetfile" value="Arduino_ESP8266_level_shifter_conn.kicad_sch"/>
      <property name="ki_description" value="Generic connector, single row, 01x04, script generated"/>
      <property name="ki_keywords" value="connector"/>
      <sheetpath names="/" tstamps="/"/>
      <tstamps>af542826-fe0c-4254-a5b0-ff2b3fcb732f</tstamps>
    </comp>
    <comp ref="J6">
      <value>Temp_sensor_socket</value>
      <libsource lib="Connector" part="Conn_01x03_Socket" description="Generic connector, single row, 01x03, script generated"/>
      <property name="Sheetname" value=""/>
      <property name="Sheetfile" value="Arduino_ESP8266_level_shifter_conn.kicad_sch"/>
      <property name="ki_description" value="Generic connector, single row, 01x03, script generated"/>
      <property name="ki_keywords" value="connector"/>
      <sheetpath names="/" tstamps="/"/>
      <tstamps>e2bc0678-cc33-463c-8f6c-34616cc8b5fd</tstamps>
    </comp>
    <comp ref="J7">
      <value>Water_sensor_terminal</value>
      <libsource lib="Connector" part="Screw_Terminal_01x03" description="Generic screw terminal, single row, 01x03, script generated (kicad-library-utils/schlib/autogen/connector/)"/>
      <property name="Sheetname" value=""/>
      <property name="Sheetfile" value="Arduino_ESP8266_level_shifter_conn.kicad_sch"/>
      <property name="ki_description" value="Generic screw terminal, single row, 01x03, script generated (kicad-library-utils/schlib/autogen/connector/)"/>
      <property name="ki_keywords" value="screw terminal"/>
      <sheetpath names="/" tstamps="/"/>
      <tstamps>e3ea8add-bc37-4b5d-84f3-53e15eadc9d7</tstamps>
    </comp>
    <comp ref="J8">
      <value>Light_sensor_terminal</value>
      <libsource lib="Connector" part="Screw_Terminal_01x02" description="Generic screw terminal, single row, 01x02, script generated (kicad-library-utils/schlib/autogen/connector/)"/>
      <property name="Sheetname" value=""/>
      <property name="Sheetfile" value="Arduino_ESP8266_level_shifter_conn.kicad_sch"/>
      <property name="ki_description" value="Generic screw terminal, single row, 01x02, script generated (kicad-library-utils/schlib/autogen/connector/)"/>
      <property name="ki_keywords" value="screw terminal"/>
      <sheetpath names="/" tstamps="/"/>
      <tstamps>d93c8a3b-7134-4394-898b-cbd730715c68</tstamps>
    </comp>
    <comp ref="J9">
      <value>MUX_Y_pins</value>
      <libsource lib="Connector" part="Conn_01x04_Pin" description="Generic connector, single row, 01x04, script generated"/>
      <property name="Sheetname" value=""/>
      <property name="Sheetfile" value="Arduino_ESP8266_level_shifter_conn.kicad_sch"/>
      <property name="ki_description" value="Generic connector, single row, 01x04, script generated"/>
      <property name="ki_keywords" value="connector"/>
      <sheetpath names="/" tstamps="/"/>
      <tstamps>b76411f7-048e-4b4c-9001-1133f71b36af</tstamps>
    </comp>
    <comp ref="J10">
      <value>MUX_W_pin</value>
      <libsource lib="Connector" part="Conn_01x01_Pin" description="Generic connector, single row, 01x01, script generated"/>
      <property name="Sheetname" value=""/>
      <property name="Sheetfile" value="Arduino_ESP8266_level_shifter_conn.kicad_sch"/>
      <property name="ki_description" value="Generic connector, single row, 01x01, script generated"/>
      <property name="ki_keywords" value="connector"/>
      <sheetpath names="/" tstamps="/"/>
      <tstamps>a0c3154d-1107-420a-9754-b25d05e0a8db</tstamps>
    </comp>
    <comp ref="J11">
      <value>Ph_sensor_sockets</value>
      <libsource lib="Connector" part="Conn_01x03_Socket" description="Generic connector, single row, 01x03, script generated"/>
      <property name="Sheetname" value=""/>
      <property name="Sheetfile" value="Arduino_ESP8266_level_shifter_conn.kicad_sch"/>
      <property name="ki_description" value="Generic connector, single row, 01x03, script generated"/>
      <property name="ki_keywords" value="connector"/>
      <sheetpath names="/" tstamps="/"/>
      <tstamps>40213292-ab71-4b0d-a71a-e25d4ff8d344</tstamps>
    </comp>
    <comp ref="J12">
      <value>MUX_X3_pin</value>
      <libsource lib="Connector" part="Conn_01x01_Pin" description="Generic connector, single row, 01x01, script generated"/>
      <property name="Sheetname" value=""/>
      <property name="Sheetfile" value="Arduino_ESP8266_level_shifter_conn.kicad_sch"/>
      <property name="ki_description" value="Generic connector, single row, 01x01, script generated"/>
      <property name="ki_keywords" value="connector"/>
      <sheetpath names="/" tstamps="/"/>
      <tstamps>98835ef4-f61d-43cd-82d5-f9bb41150915</tstamps>
    </comp>
    <comp ref="J13">
      <value>Relay_IN4_pin</value>
      <libsource lib="Connector" part="Conn_01x01_Pin" description="Generic connector, single row, 01x01, script generated"/>
      <property name="Sheetname" value=""/>
      <property name="Sheetfile" value="Arduino_ESP8266_level_shifter_conn.kicad_sch"/>
      <property name="ki_description" value="Generic connector, single row, 01x01, script generated"/>
      <property name="ki_keywords" value="connector"/>
      <sheetpath names="/" tstamps="/"/>
      <tstamps>ada11c89-81f4-43eb-804c-26ca1aea7cb8</tstamps>
    </comp>
    <comp ref="J14">
      <value>3.3_GND_pins</value>
      <libsource lib="Connector" part="Conn_01x02_Pin" description="Generic connector, single row, 01x02, script generated"/>
      <property name="Sheetname" value=""/>
      <property name="Sheetfile" value="Arduino_ESP8266_level_shifter_conn.kicad_sch"/>
      <property name="ki_description" value="Generic connector, single row, 01x02, script generated"/>
      <property name="ki_keywords" value="connector"/>
      <sheetpath names="/" tstamps="/"/>
      <tstamps>2950d070-3980-4fd7-be78-4a0efa8378ad</tstamps>
    </comp>
    <comp ref="J15">
      <value>ESP_remaining_pins</value>
      <libsource lib="Connector" part="Conn_01x11_Pin" description="Generic connector, single row, 01x11, script generated"/>
      <property name="Sheetname" value=""/>
      <property name="Sheetfile" value="Arduino_ESP8266_level_shifter_conn.kicad_sch"/>
      <property name="ki_description" value="Generic connector, single row, 01x11, script generated"/>
      <property name="ki_keywords" value="connector"/>
      <sheetpath names="/" tstamps="/"/>
      <tstamps>9d12f8d9-2cf2-4cfc-91c5-3f43ea124709</tstamps>
    </comp>
    <comp ref="J16">
      <value>RX_TX_pins</value>
      <libsource lib="Connector" part="Conn_01x02_Pin" description="Generic connector, single row, 01x02, script generated"/>
      <property name="Sheetname" value=""/>
      <property name="Sheetfile" value="Arduino_ESP8266_level_shifter_conn.kicad_sch"/>
      <property name="ki_description" value="Generic connector, single row, 01x02, script generated"/>
      <property name="ki_keywords" value="connector"/>
      <sheetpath names="/" tstamps="/"/>
      <tstamps>7e442109-a70b-4dd4-852e-eae70e24b3e9</tstamps>
    </comp>
    <comp ref="R1">
      <value>10k</value>
      <libsource lib="Device" part="R" description="Resistor"/>
      <property name="Sheetname" value=""/>
      <property name="Sheetfile" value="Arduino_ESP8266_level_shifter_conn.kicad_sch"/>
      <property name="ki_description" value="Resistor"/>
      <property name="ki_keywords" value="R res resistor"/>
      <sheetpath names="/" tstamps="/"/>
      <tstamps>0566861b-656f-4871-b6b8-cf4a4cfb4c56</tstamps>
    </comp>
    <comp ref="U2">
      <value>74LS153</value>
      <datasheet>http://www.ti.com/lit/gpn/sn74LS153</datasheet>
      <libsource lib="74xx" part="74LS153" description="Dual Multiplexer 4 to 1"/>
      <property name="Sheetname" value=""/>
      <property name="Sheetfile" value="Arduino_ESP8266_level_shifter_conn.kicad_sch"/>
      <property name="ki_description" value="Dual Multiplexer 4 to 1"/>
      <property name="ki_keywords" value="TTL Mux4"/>
      <sheetpath names="/" tstamps="/"/>
      <tstamps>ac41aea9-c36a-4677-828b-fa62c51ea9e7</tstamps>
    </comp>
  </components>
  <libparts>
    <libpart lib="74xx" part="74LS153">
      <description>Dual Multiplexer 4 to 1</description>
      <docs>http://www.ti.com/lit/gpn/sn74LS153</docs>
      <footprints>
        <fp>DIP?16*</fp>
      </footprints>
      <fields>
        <field name="Reference">U</field>
        <field name="Value">74LS153</field>
        <field name="Datasheet">http://www.ti.com/lit/gpn/sn74LS153</field>
      </fields>
      <pins>
        <pin num="1" name="Ea" type="input"/>
        <pin num="2" name="S1" type="input"/>
        <pin num="3" name="I3a" type="input"/>
        <pin num="4" name="I2a" type="input"/>
        <pin num="5" name="I1a" type="input"/>
        <pin num="6" name="I0a" type="input"/>
        <pin num="7" name="Za" type="output"/>
        <pin num="8" name="GND" type="power_in"/>
        <pin num="9" name="Zb" type="output"/>
        <pin num="10" name="I0b" type="input"/>
        <pin num="11" name="I1b" type="input"/>
        <pin num="12" name="I2b" type="input"/>
        <pin num="13" name="I3b" type="input"/>
        <pin num="14" name="S0" type="input"/>
        <pin num="15" name="Eb" type="input"/>
        <pin num="16" name="VCC" type="power_in"/>
      </pins>
    </libpart>
    <libpart lib="Connector" part="Conn_01x01_Pin">
      <description>Generic connector, single row, 01x01, script generated</description>
      <docs>~</docs>
      <footprints>
        <fp>Connector*:*_1x??_*</fp>
      </footprints>
      <fields>
        <field name="Reference">J</field>
        <field name="Value">Conn_01x01_Pin</field>
        <field name="Datasheet">~</field>
      </fields>
      <pins>
        <pin num="1" name="Pin_1" type="passive"/>
      </pins>
    </libpart>
    <libpart lib="Connector" part="Conn_01x02_Pin">
      <description>Generic connector, single row, 01x02, script generated</description>
      <docs>~</docs>
      <footprints>
        <fp>Connector*:*_1x??_*</fp>
      </footprints>
      <fields>
        <field name="Reference">J</field>
        <field name="Value">Conn_01x02_Pin</field>
        <field name="Datasheet">~</field>
      </fields>
      <pins>
        <pin num="1" name="Pin_1" type="passive"/>
        <pin num="2" name="Pin_2" type="passive"/>
      </pins>
    </libpart>
    <libpart lib="Connector" part="Conn_01x03_Socket">
      <description>Generic connector, single row, 01x03, script generated</description>
      <docs>~</docs>
      <footprints>
        <fp>Connector*:*_1x??_*</fp>
      </footprints>
      <fields>
        <field name="Reference">J</field>
        <field name="Value">Conn_01x03_Socket</field>
        <field name="Datasheet">~</field>
      </fields>
      <pins>
        <pin num="1" name="Pin_1" type="passive"/>
        <pin num="2" name="Pin_2" type="passive"/>
        <pin num="3" name="Pin_3" type="passive"/>
      </pins>
    </libpart>
    <libpart lib="Connector" part="Conn_01x04_Pin">
      <description>Generic connector, single row, 01x04, script generated</description>
      <docs>~</docs>
      <footprints>
        <fp>Connector*:*_1x??_*</fp>
      </footprints>
      <fields>
        <field name="Reference">J</field>
        <field name="Value">Conn_01x04_Pin</field>
        <field name="Datasheet">~</field>
      </fields>
      <pins>
        <pin num="1" name="Pin_1" type="passive"/>
        <pin num="2" name="Pin_2" type="passive"/>
        <pin num="3" name="Pin_3" type="passive"/>
        <pin num="4" name="Pin_4" type="passive"/>
      </pins>
    </libpart>
    <libpart lib="Connector" part="Conn_01x11_Pin">
      <description>Generic connector, single row, 01x11, script generated</description>
      <docs>~</docs>
      <footprints>
        <fp>Connector*:*_1x??_*</fp>
      </footprints>
      <fields>
        <field name="Reference">J</field>
        <field name="Value">Conn_01x11_Pin</field>
        <field name="Datasheet">~</field>
      </fields>
      <pins>
        <pin num="1" name="Pin_1" type="passive"/>
        <pin num="2" name="Pin_2" type="passive"/>
        <pin num="3" name="Pin_3" type="passive"/>
        <pin num="4" name="Pin_4" type="passive"/>
        <pin num="5" name="Pin_5" type="passive"/>
        <pin num="6" name="Pin_6" type="passive"/>
        <pin num="7" name="Pin_7" type="passive"/>
        <pin num="8" name="Pin_8" type="passive"/>
        <pin num="9" name="Pin_9" type="passive"/>
        <pin num="10" name="Pin_10" type="passive"/>
        <pin num="11" name="Pin_11" type="passive"/>
      </pins>
    </libpart>
    <libpart lib="Connector" part="Conn_01x15_Socket">
      <description>Generic connector, single row, 01x15, script generated</description>
      <docs>~</docs>
      <footprints>
        <fp>Connector*:*_1x??_*</fp>
      </footprints>
      <fields>
        <field name="Reference">J</field>
        <field name="Value">Conn_01x15_Socket</field>
        <field name="Datasheet">~</field>
      </fields>
      <pins>
        <pin num="1" name="Pin_1" type="passive"/>
        <pin num="2" name="Pin_2" type="passive"/>
        <pin num="3" name="Pin_3" type="passive"/>
        <pin num="4" name="Pin_4" type="passive"/>
        <pin num="5" name="Pin_5" type="passive"/>
        <pin num="6" name="Pin_6" type="passive"/>
        <pin num="7" name="Pin_7" type="passive"/>
        <pin num="8" name="Pin_8" type="passive"/>
        <pin num="9" name="Pin_9" type="passive"/>
        <pin num="10" name="Pin_10" type="passive"/>
        <pin num="11" name="Pin_11" type="passive"/>
        <pin num="12" name="Pin_12" type="passive"/>
        <pin num="13" name="Pin_13" type="passive"/>
        <pin num="14" name="Pin_14" type="passive"/>
        <pin num="15" name="Pin_15" type="passive"/>
      </pins>
    </libpart>
    <libpart lib="Connector" part="Screw_Terminal_01x02">
      <description>Generic screw terminal, single row, 01x02, script generated (kicad-library-utils/schlib/autogen/connector/)</description>
      <docs>~</docs>
      <footprints>
        <fp>TerminalBlock*:*</fp>
      </footprints>
      <fields>
        <field name="Reference">J</field>
        <field name="Value">Screw_Terminal_01x02</field>
        <field name="Datasheet">~</field>
      </fields>
      <pins>
        <pin num="1" name="Pin_1" type="passive"/>
        <pin num="2" name="Pin_2" type="passive"/>
      </pins>
    </libpart>
    <libpart lib="Connector" part="Screw_Terminal_01x03">
      <description>Generic screw terminal, single row, 01x03, script generated (kicad-library-utils/schlib/autogen/connector/)</description>
      <docs>~</docs>
      <footprints>
        <fp>TerminalBlock*:*</fp>
      </footprints>
      <fields>
        <field name="Reference">J</field>
        <field name="Value">Screw_Terminal_01x03</field>
        <field name="Datasheet">~</field>
      </fields>
      <pins>
        <pin num="1" name="Pin_1" type="passive"/>
        <pin num="2" name="Pin_2" type="passive"/>
        <pin num="3" name="Pin_3" type="passive"/>
      </pins>
    </libpart>
    <libpart lib="Connector" part="Screw_Terminal_01x06">
      <description>Generic screw terminal, single row, 01x06, script generated (kicad-library-utils/schlib/autogen/connector/)</description>
      <docs>~</docs>
      <footprints>
        <fp>TerminalBlock*:*</fp>
      </footprints>
      <fields>
        <field name="Reference">J</field>
        <field name="Value">Screw_Terminal_01x06</field>
        <field name="Datasheet">~</field>
      </fields>
      <pins>
        <pin num="1" name="Pin_1" type="passive"/>
        <pin num="2" name="Pin_2" type="passive"/>
        <pin num="3" name="Pin_3" type="passive"/>
        <pin num="4" name="Pin_4" type="passive"/>
        <pin num="5" name="Pin_5" type="passive"/>
        <pin num="6" name="Pin_6" type="passive"/>
      </pins>
    </libpart>
    <libpart lib="Device" part="R">
      <description>Resistor</description>
      <docs>~</docs>
      <footprints>
        <fp>R_*</fp>
      </footprints>
      <fields>
        <field name="Reference">R</field>
        <field name="Value">R</field>
        <field name="Datasheet">~</field>
      </fields>
      <pins>
        <pin num="1" name="" type="passive"/>
        <pin num="2" name="" type="passive"/>
      </pins>
    </libpart>
  </libparts>
  <libraries>
    <library logical="74xx">
      <uri>C:\Program Files\KiCad\7.0\share\kicad\symbols\/74xx.kicad_sym</uri>
    </library>
    <library logical="Connector">
      <uri>C:\Program Files\KiCad\7.0\share\kicad\symbols\/Connector.kicad_sym</uri>
    </library>
    <library logical="Device">
      <uri>C:\Program Files\KiCad\7.0\share\kicad\symbols\/Device.kicad_sym</uri>
    </library>
  </libraries>
  <nets>
    <net code="1" name="/A0">
      <node ref="J2" pin="1" pinfunction="Pin_1" pintype="passive"/>
      <node ref="U2" pin="7" pinfunction="Za" pintype="output"/>
    </net>
    <net code="2" name="/CLK">
      <node ref="J15" pin="8" pinfunction="Pin_8" pintype="passive"/>
      <node ref="J2" pin="9" pinfunction="Pin_9" pintype="passive"/>
    </net>
    <net code="3" name="/CMD">
      <node ref="J15" pin="6" pinfunction="Pin_6" pintype="passive"/>
      <node ref="J2" pin="7" pinfunction="Pin_7" pintype="passive"/>
    </net>
    <net code="4" name="/D0">
      <node ref="J3" pin="15" pinfunction="Pin_15" pintype="passive"/>
      <node ref="J4" pin="3" pinfunction="Pin_3" pintype="passive"/>
    </net>
    <net code="5" name="/D1">
      <node ref="J3" pin="14" pinfunction="Pin_14" pintype="passive"/>
      <node ref="J5" pin="1" pinfunction="Pin_1" pintype="passive"/>
    </net>
    <net code="6" name="/D2">
      <node ref="J3" pin="13" pinfunction="Pin_13" pintype="passive"/>
      <node ref="J5" pin="2" pinfunction="Pin_2" pintype="passive"/>
    </net>
    <net code="7" name="/D3">
      <node ref="J3" pin="12" pinfunction="Pin_12" pintype="passive"/>
      <node ref="J4" pin="4" pinfunction="Pin_4" pintype="passive"/>
    </net>
    <net code="8" name="/D4">
      <node ref="J3" pin="11" pinfunction="Pin_11" pintype="passive"/>
      <node ref="J4" pin="5" pinfunction="Pin_5" pintype="passive"/>
    </net>
    <net code="9" name="/D5">
      <node ref="J3" pin="8" pinfunction="Pin_8" pintype="passive"/>
      <node ref="J7" pin="2" pinfunction="Pin_2" pintype="passive"/>
    </net>
    <net code="10" name="/D6">
      <node ref="J3" pin="7" pinfunction="Pin_7" pintype="passive"/>
      <node ref="J6" pin="3" pinfunction="Pin_3" pintype="passive"/>
    </net>
    <net code="11" name="/D7">
      <node ref="J3" pin="6" pinfunction="Pin_6" pintype="passive"/>
      <node ref="U2" pin="1" pinfunction="Ea" pintype="input"/>
    </net>
    <net code="12" name="/D8">
      <node ref="J3" pin="5" pinfunction="Pin_5" pintype="passive"/>
      <node ref="U2" pin="14" pinfunction="S0" pintype="input"/>
    </net>
    <net code="13" name="/EN">
      <node ref="J15" pin="10" pinfunction="Pin_10" pintype="passive"/>
      <node ref="J2" pin="12" pinfunction="Pin_12" pintype="passive"/>
    </net>
    <net code="14" name="/GND">
      <node ref="J1" pin="2" pinfunction="Pin_2" pintype="passive"/>
      <node ref="J11" pin="3" pinfunction="Pin_3" pintype="passive"/>
      <node ref="J14" pin="1" pinfunction="Pin_1" pintype="passive"/>
      <node ref="J15" pin="9" pinfunction="Pin_9" pintype="passive"/>
      <node ref="J2" pin="10" pinfunction="Pin_10" pintype="passive"/>
      <node ref="J2" pin="14" pinfunction="Pin_14" pintype="passive"/>
      <node ref="J3" pin="2" pinfunction="Pin_2" pintype="passive"/>
      <node ref="J3" pin="9" pinfunction="Pin_9" pintype="passive"/>
      <node ref="J4" pin="1" pinfunction="Pin_1" pintype="passive"/>
      <node ref="J5" pin="4" pinfunction="Pin_4" pintype="passive"/>
      <node ref="J6" pin="1" pinfunction="Pin_1" pintype="passive"/>
      <node ref="J7" pin="1" pinfunction="Pin_1" pintype="passive"/>
      <node ref="R1" pin="2" pintype="passive"/>
      <node ref="U2" pin="15" pinfunction="Eb" pintype="input"/>
      <node ref="U2" pin="8" pinfunction="GND" pintype="power_in"/>
    </net>
    <net code="15" name="/IN4">
      <node ref="J13" pin="1" pinfunction="Pin_1" pintype="passive"/>
      <node ref="J4" pin="6" pinfunction="Pin_6" pintype="passive"/>
    </net>
    <net code="16" name="/L_D">
      <node ref="J8" pin="1" pinfunction="Pin_1" pintype="passive"/>
      <node ref="R1" pin="1" pintype="passive"/>
      <node ref="U2" pin="5" pinfunction="I1a" pintype="input"/>
    </net>
    <net code="17" name="/Ph_D">
      <node ref="J11" pin="1" pinfunction="Pin_1" pintype="passive"/>
      <node ref="U2" pin="4" pinfunction="I2a" pintype="input"/>
    </net>
    <net code="18" name="/RST">
      <node ref="J15" pin="11" pinfunction="Pin_11" pintype="passive"/>
      <node ref="J2" pin="13" pinfunction="Pin_13" pintype="passive"/>
    </net>
    <net code="19" name="/RSV">
      <node ref="J15" pin="1" pinfunction="Pin_1" pintype="passive"/>
      <node ref="J15" pin="2" pinfunction="Pin_2" pintype="passive"/>
      <node ref="J2" pin="2" pinfunction="Pin_2" pintype="passive"/>
      <node ref="J2" pin="3" pinfunction="Pin_3" pintype="passive"/>
    </net>
    <net code="20" name="/RX">
      <node ref="J16" pin="2" pinfunction="Pin_2" pintype="passive"/>
      <node ref="J3" pin="4" pinfunction="Pin_4" pintype="passive"/>
    </net>
    <net code="21" name="/SD0">
      <node ref="J15" pin="7" pinfunction="Pin_7" pintype="passive"/>
      <node ref="J2" pin="8" pinfunction="Pin_8" pintype="passive"/>
    </net>
    <net code="22" name="/SD1">
      <node ref="J15" pin="5" pinfunction="Pin_5" pintype="passive"/>
      <node ref="J2" pin="6" pinfunction="Pin_6" pintype="passive"/>
    </net>
    <net code="23" name="/SD2">
      <node ref="J15" pin="4" pinfunction="Pin_4" pintype="passive"/>
      <node ref="J2" pin="5" pinfunction="Pin_5" pintype="passive"/>
    </net>
    <net code="24" name="/SD3">
      <node ref="J15" pin="3" pinfunction="Pin_3" pintype="passive"/>
      <node ref="J2" pin="4" pinfunction="Pin_4" pintype="passive"/>
    </net>
    <net code="25" name="/TX">
      <node ref="J16" pin="1" pinfunction="Pin_1" pintype="passive"/>
      <node ref="J3" pin="3" pinfunction="Pin_3" pintype="passive"/>
    </net>
    <net code="26" name="/VCC">
      <node ref="J11" pin="2" pinfunction="Pin_2" pintype="passive"/>
      <node ref="J14" pin="2" pinfunction="Pin_2" pintype="passive"/>
      <node ref="J2" pin="11" pinfunction="Pin_11" pintype="passive"/>
      <node ref="J3" pin="1" pinfunction="Pin_1" pintype="passive"/>
      <node ref="J3" pin="10" pinfunction="Pin_10" pintype="passive"/>
      <node ref="J4" pin="2" pinfunction="Pin_2" pintype="passive"/>
      <node ref="J5" pin="3" pinfunction="Pin_3" pintype="passive"/>
      <node ref="J6" pin="2" pinfunction="Pin_2" pintype="passive"/>
      <node ref="J8" pin="2" pinfunction="Pin_2" pintype="passive"/>
      <node ref="U2" pin="2" pinfunction="S1" pintype="input"/>
    </net>
    <net code="27" name="/VIN">
      <node ref="J1" pin="1" pinfunction="Pin_1" pintype="passive"/>
      <node ref="J2" pin="15" pinfunction="Pin_15" pintype="passive"/>
      <node ref="U2" pin="16" pinfunction="VCC" pintype="power_in"/>
    </net>
    <net code="28" name="/W_D">
      <node ref="J7" pin="3" pinfunction="Pin_3" pintype="passive"/>
      <node ref="U2" pin="6" pinfunction="I0a" pintype="input"/>
    </net>
    <net code="29" name="Net-(J9-Pin_1)">
      <node ref="J9" pin="1" pinfunction="Pin_1" pintype="passive"/>
      <node ref="U2" pin="10" pinfunction="I0b" pintype="input"/>
    </net>
    <net code="30" name="Net-(J9-Pin_2)">
      <node ref="J9" pin="2" pinfunction="Pin_2" pintype="passive"/>
      <node ref="U2" pin="11" pinfunction="I1b" pintype="input"/>
    </net>
    <net code="31" name="Net-(J9-Pin_3)">
      <node ref="J9" pin="3" pinfunction="Pin_3" pintype="passive"/>
      <node ref="U2" pin="12" pinfunction="I2b" pintype="input"/>
    </net>
    <net code="32" name="Net-(J9-Pin_4)">
      <node ref="J9" pin="4" pinfunction="Pin_4" pintype="passive"/>
      <node ref="U2" pin="13" pinfunction="I3b" pintype="input"/>
    </net>
    <net code="33" name="Net-(J10-Pin_1)">
      <node ref="J10" pin="1" pinfunction="Pin_1" pintype="passive"/>
      <node ref="U2" pin="9" pinfunction="Zb" pintype="output"/>
    </net>
    <net code="34" name="Net-(J12-Pin_1)">
      <node ref="J12" pin="1" pinfunction="Pin_1" pintype="passive"/>
      <node ref="U2" pin="3" pinfunction="I3a" pintype="input"/>
    </net>
  </nets>
</export>
